EMAIL
CryptoCoinSky@cryptocoinsky.com
Crypto@cryptocoinsky.com
Coin@cryptocoinsky.com
Crypto.Coin@cryptocoinsky.com
mrdanmiller@speakingofproducts.com
Dan@speakingofproducts.com
Miller@speakingofproducts.com
Dan.Miller@speakingofproducts.com
consultantrhys@fomo.ooo
Rhys@fomo.ooo
Sagor@medium.com
Al@medium.com
Sagor.Al@medium.com
kdun_xyz@fuct.it
kdun@fuct.it
KoufPetros@leadpals.org
Petros@leadpals.org
K@leadpals.org
Petros.K@leadpals.org
EMintsevich@unika.network
Eugene@unika.network
Mintsevich@unika.network
Eugene.Mintsevich@unika.network
Charles@curator.bio
Tseng@curator.bio
Charles.Tseng@curator.bio
rpaliwal71@viasocket.com
Ravi@viasocket.com
Paliwal@viasocket.com
Ravi.Paliwal@viasocket.com
jimmyvybez1@Cryptosecuregain.com
Jimmy@Cryptosecuregain.com
Vybez@Cryptosecuregain.com
Jimmy.Vybez@Cryptosecuregain.com
DaraRagh@daramacraghnaill.com
Dara@daramacraghnaill.com
Mac@daramacraghnaill.com
Dara.Mac@daramacraghnaill.com
NoworriesDev@arthur-emmanuel.netlify
Arthur@arthur-emmanuel.netlify
Emmanuel@arthur-emmanuel.netlify
Arthur.Emmanuel@arthur-emmanuel.netlify
Minnu.eth@linkmn.gr
-@linkmn.gr
Minnu.eth.-@linkmn.gr
theranajayant@stablx.com
ranajayant@stablx.com
ArafatH95729785@pixamo.net
Arafat@pixamo.net
Hossain@pixamo.net
Arafat.Hossain@pixamo.net
taher@panzabi.com
taherlaravel@panzabi.com
Abu@panzabi.com
Taher@panzabi.com
Abu.Taher@panzabi.com
svenfrese@airgpu.com
Sven@airgpu.com
Frese@airgpu.com
Sven.Frese@airgpu.com
bahree_prateek@onelinelabs.com
Prateek@onelinelabs.com
Bahree@onelinelabs.com
Prateek.Bahree@onelinelabs.com
RezwanKh@paceapp.com
Rez@paceapp.com
Khan@paceapp.com
Rez.Khan@paceapp.com
ClarembeauA@aclarembeau.com
Clarembeau@aclarembeau.com
Alexis@aclarembeau.com
Clarembeau.Alexis@aclarembeau.com
Poseidon_Media@poseidongroup.co
Poseidon@poseidongroup.co
Group@poseidongroup.co
Poseidon.Group@poseidongroup.co
sea_local@miket.dev
mike@miket.dev
Ashrita@youtube.com
Kapoor@youtube.com
Ashrita.Kapoor@youtube.com
mahdix@mahdix.com
Mahdi@mahdix.com
apranevicius@remotelytalents.com
Adomas@remotelytalents.com
Pranevicius@remotelytalents.com
Adomas.Pranevicius@remotelytalents.com
menlo_tweets@effixient.io
Patrick@effixient.io
m_zokov@zippysaas.com
Martin@zippysaas.com
Zokov@zippysaas.com
Martin.Zokov@zippysaas.com
sayemfaruk@sayemfaruk.com
Sayem@sayemfaruk.com
Faruk@sayemfaruk.com
Sayem.Faruk@sayemfaruk.com
ProductLiftDev@productlift.dev
ProductLift@productlift.dev
maximehugodupre@maximedupre.com
Maxime@maximedupre.com
Ishti@lu.ma
Alam@lu.ma
Ishti.Alam@lu.ma
InteractiveCar3@interactivecares-courses.com
Interactive@interactivecares-courses.com
Cares@interactivecares-courses.com
Interactive.Cares@interactivecares-courses.com
Roohi@bop.me
Kazi@bop.me
Roohi.Kazi@bop.me
DigitalRafeu@ignite.com
Rafeu@ignite.com
_skris@saikrishna.me
Sai@saikrishna.me
Krishna@saikrishna.me
Sai.Krishna@saikrishna.me
singhvarinder21@varinder.super
Varinder.eth@varinder.super
Anthony@about.me
Young@about.me
Anthony.Young@about.me
Saurabh@peerlist.io
Daswant@peerlist.io
Saurabh.Daswant@peerlist.io
abbaas_abm@webdevstudios.ml
Abbaas_ABM@webdevstudios.ml
sssslyz9@applimiter.com
Shem@applimiter.com
DaveSiebel@isdeclubopen.nl
Dave@isdeclubopen.nl
Siebel@isdeclubopen.nl
Dave.Siebel@isdeclubopen.nl
lisa_gaud@lisagaudette.com
Lisa@lisagaudette.com
Gaudette@lisagaudette.com
Lisa.Gaudette@lisagaudette.com
iChangeTheWay@app.qapop
Ivan@app.qapop
Homola@app.qapop
Ivan.Homola@app.qapop
WizenGuides@wizenguides.com
Wizen@wizenguides.com
Guides@wizenguides.com
Wizen.Guides@wizenguides.com
ZakRoyzDev@lazystartup.app
JoshJamJosh@phinsec.io
Joshua@phinsec.io
Simmons@phinsec.io
Joshua.Simmons@phinsec.io
DmytroKrasun@dmytrokrasun.com
Dmytro@dmytrokrasun.com
Krasun@dmytrokrasun.com
Dmytro.Krasun@dmytrokrasun.com
ItsAstrect@maxcape.com
Astrect@maxcape.com
|@maxcape.com
Astrect.|@maxcape.com
YasserSourav@buy-now.biz
Yasser@buy-now.biz
Arafat@buy-now.biz
Yasser.Arafat@buy-now.biz
jayrennnn@similars.io
Jay@similars.io
Timh925@meeterai.bubbleapps
Tim@meeterai.bubbleapps
Hawke@meeterai.bubbleapps
Tim.Hawke@meeterai.bubbleapps
shyamsharma1186@thehealthymindz.blogspot
Shyam@thehealthymindz.blogspot
muntasir_rashid@contentpace.com
Muntasir@contentpace.com
pramodk73@pramod73.in
Pramod@pramod73.in
|@pramod73.in
Pramod.|@pramod73.in
always_building@alwaysbuilding.io
Alex@alwaysbuilding.io
LJLithuanian@linuson.com
Linas@linuson.com
Jusys@linuson.com
Linas.Jusys@linuson.com
autovid_ai@autovid.ai
AutoVid@autovid.ai
ManyLoop@manyloop.com
ManyLoop@manyloop.com
|@manyloop.com
ManyLoop.|@manyloop.com
the_mcnaveen@mcnaveen.com
Naveen@mcnaveen.com
iamwaseem99@waaklabs.com
Waseem@waaklabs.com
Akram@waaklabs.com
Waseem.Akram@waaklabs.com
garajedeideas@garajedeideas.com
Garaje@garajedeideas.com
de@garajedeideas.com
Garaje.de@garajedeideas.com
face_pdf@facepdf.com
FacePdf@facepdf.com
Fer_MOMENTO@resumemaker.online
Fernando@resumemaker.online
Pessagno@resumemaker.online
Fernando.Pessagno@resumemaker.online
magheru_san@cloudutil.io
Cristian@cloudutil.io
VizInspire@vizinspire.com
VizInspire@vizinspire.com
Makerlog@getmakerlog.com
NikkiElizDemere@nicholeelizabethdemere.com
Eithiriel@nicholeelizabethdemere.com
iamchetangg@devtools.link
Chetan@devtools.link
bengthedev@bgrande.de
Rare@linkedin.com
Al@linkedin.com
Rare.Al@linkedin.com
blog_sawyer@freetools.dev
Sawyer@freetools.dev
Andrews@freetools.dev
Sawyer.Andrews@freetools.dev
QuentinQuo@quobserve.com
Quentin@quobserve.com
Quo@quobserve.com
Quentin.Quo@quobserve.com
MuheebHoque@muheebhoque.com
Muheeb@muheebhoque.com
iLucaMicheli@customerly.io
Luca@customerly.io
Micheli@customerly.io
Luca.Micheli@customerly.io
loes_gelissen@saasleaders.io
Loes@saasleaders.io
Gelissen@saasleaders.io
Loes.Gelissen@saasleaders.io
UnlabelledGenZ@stimuler.tech
Akshay@stimuler.tech
Akash@stimuler.tech
Akshay.Akash@stimuler.tech
nomad_ok@tweetcopilot.com
Nomad@tweetcopilot.com
Husnain@linkedin.com
Bukhari@linkedin.com
Husnain.Bukhari@linkedin.com
BillelMoula@billelmoula.com
Billel@billelmoula.com
Moula@billelmoula.com
Billel.Moula@billelmoula.com
KarelBecerra@azyri.com
Karel@azyri.com
Becerra@azyri.com
Karel.Becerra@azyri.com
davidonbits@marketroadie.com
David@marketroadie.com
Filip@marketroadie.com
David.Filip@marketroadie.com
KristianGejdos@stuffig.com
Kristian@stuffig.com
Gejdos@stuffig.com
Kristian.Gejdos@stuffig.com
Tsuyoshi@medium.com
Nagamine@medium.com
Tsuyoshi.Nagamine@medium.com
chhddavid@chdavid.com
Ch@chdavid.com
akmal_saadullah@saadmobile.com
Akmal@saadmobile.com
Saadullah@saadmobile.com
Akmal.Saadullah@saadmobile.com
pixlhamza@hmounir.com
Pixl@hmounir.com
anibesam@anibesam.com
Anibe@anibesam.com
Samuel@anibesam.com
Anibe.Samuel@anibesam.com
mdraqibnur@raqibnur.com
Raqib@raqibnur.com
Nur@raqibnur.com
Raqib.Nur@raqibnur.com
Outsource@hostjane.com
India@hostjane.com
Outsource.India@hostjane.com
north_star_says@trycasa.io
Dhruv@trycasa.io
Bhatia@trycasa.io
Dhruv.Bhatia@trycasa.io
grizzlytext@grizzlytext.typedream
GrizzlyText@grizzlytext.typedream
durkdotdev@durk.dev
durk.dev@durk.dev
IronBrands16@simpleanalytics.com
Iron@simpleanalytics.com
Brands@simpleanalytics.com
Iron.Brands@simpleanalytics.com
R@direct.me
iamarnob6543@olvy.co
Arnob@olvy.co
Dada@olvy.co
Arnob.Dada@olvy.co
matanolabs@matano.dev
Matano@matano.dev
walidashik@quotewriter.app
Walid@quotewriter.app
Ashik@quotewriter.app
Walid.Ashik@quotewriter.app
MarketingCuratr@digitalmarketingsupermarket.com
Marketing@digitalmarketingsupermarket.com
Curator@digitalmarketingsupermarket.com
Marketing.Curator@digitalmarketingsupermarket.com
foliofed@gummysearch.com
Fed@gummysearch.com
Bharathi@linkedin.com
Devarasu@linkedin.com
Bharathi.Devarasu@linkedin.com
SlayerAI1@slayerai.com
Shaun@slayerai.com
|@slayerai.com
Shaun.|@slayerai.com
ariflogs@ariflogs.com
Arif@ariflogs.com
Hossain@ariflogs.com
Arif.Hossain@ariflogs.com
paritydeals@paritydeals.com
Paritydeals@paritydeals.com
FirstX_ai@firstx.ai
FirstX@firstx.ai
mrjolar@johanneslarsson.com
Johannes@johanneslarsson.com
Larsson@johanneslarsson.com
Johannes.Larsson@johanneslarsson.com
TACIXAT@mekabytes.com
TACIXAT@mekabytes.com
Atul@expy.bio
Ghorpade@expy.bio
Atul.Ghorpade@expy.bio
Alok@twitter.com
Kumar@twitter.com
Alok.Kumar@twitter.com
Craig@linkedin.com
Jeanell@youtube.com
Williams@youtube.com
Jeanell.Williams@youtube.com
robertocastro@elproductivista.com
Roberto@elproductivista.com
Castro@elproductivista.com
Roberto.Castro@elproductivista.com
ShahriarRizvi03@itzrizvi.com
Shahriar@itzrizvi.com
Rizvi@itzrizvi.com
Shahriar.Rizvi@itzrizvi.com
Halloween@dmu.io
jose_edil@edil.com
Edil@edil.com
Medeiros@edil.com
Edil.Medeiros@edil.com
one1strategist@anti-game-manifesto.uwu
Hardy@anti-game-manifesto.uwu
Phillip@linktr.ee
J@linktr.ee
Phillip.J@linktr.ee
detwiler_amy@glotsquad.com
Amy's@glotsquad.com
Vue@glotsquad.com
Amy's.Vue@glotsquad.com
CallumMckeefery@reviews.io
Callum@reviews.io
Deepak@znap.link
Mahto@znap.link
Deepak.Mahto@znap.link
darcyio_@tweetweaver.com
darcy@tweetweaver.com
ChastinYannick@go.live4us
Yannick@go.live4us
chastin@go.live4us
Yannick.chastin@go.live4us
OvalSoftware@oval.fi
Rauno@oval.fi
danmartell@r.danmartell
Dan@r.danmartell
Martell@r.danmartell
Dan.Martell@r.danmartell
madiwakar@siteguide.co
Diwakar@siteguide.co
Kumar@siteguide.co
Diwakar.Kumar@siteguide.co
Forhad@youtu.be
Mollah@youtu.be
Forhad.Mollah@youtu.be
Muhammad@bio.link
Taimoor@bio.link
Muhammad.Taimoor@bio.link
tskaggs@timskaggs.com
Tim@timskaggs.com
yosid@provesrc.com
Yosi@provesrc.com
Dahan@provesrc.com
Yosi.Dahan@provesrc.com
hakluke@hakluke.com
hakluke@hakluke.com
karenlevik@popupfox.com
Karen@popupfox.com
Levik@popupfox.com
Karen.Levik@popupfox.com
ChrisSamp1@Social-Growth.io
Chris@Social-Growth.io
Samp@Social-Growth.io
Chris.Samp@Social-Growth.io
loveunitesin@loveunites.in
Aman@loveunites.in
Arora@loveunites.in
Aman.Arora@loveunites.in
AndrewLeonardii@EssayAdvisor.com
Andrew@EssayAdvisor.com
Leonardi@EssayAdvisor.com
Andrew.Leonardi@EssayAdvisor.com
charliepatel@triberr.com
CharliePatel@triberr.com
sporykhin8@nocodehero.tech
Evgeny@nocodehero.tech
Sporykhin@nocodehero.tech
Evgeny.Sporykhin@nocodehero.tech
Hi_Aadi@thewisdomproject.gumroad
Aditi@thewisdomproject.gumroad
pankajsthr@pankajsuthar.info
Pankaj@pankajsuthar.info
Suthar@pankajsuthar.info
Pankaj.Suthar@pankajsuthar.info
Leitz@limey.io
923_studio@NineTwoThree.co
NineTwoThree@NineTwoThree.co
Doug@dougmorneau.com
Morneau@dougmorneau.com
Doug.Morneau@dougmorneau.com
the_webdevguy@thewebdevguy.co
The@thewebdevguy.co
Web@thewebdevguy.co
The.Web@thewebdevguy.co
myReach_@rea.ch
myReach@rea.ch
App@rea.ch
myReach.App@rea.ch
parvezvai@thrivedesk.com
Parvez@thrivedesk.com
Akther@thrivedesk.com
Parvez.Akther@thrivedesk.com
gabe_webs@oidom.com
Gabe@oidom.com
|@oidom.com
Gabe.|@oidom.com
startwkangmus@musliadi.gumroad
KangMus@musliadi.gumroad
jpcharles01@ecommerceboost.io
JP@ecommerceboost.io
Charles@ecommerceboost.io
JP.Charles@ecommerceboost.io
StefanManku@digestibletech.com
Stefan@digestibletech.com
M@digestibletech.com
Stefan.M@digestibletech.com
whiz251@afani.dev
Afani@afani.dev
Martin@afani.dev
Afani.Martin@afani.dev
Ramsri@youtube.com
Goutham@youtube.com
Ramsri.Goutham@youtube.com
curbnit@curbnit.com
Curbn@curbnit.com
KostjaPalovic@appliku.com
Kostja@appliku.com
Sachin@github.com
Neravath@github.com
Sachin.Neravath@github.com
pitch_clean@pitchclean.com
PitchClean@pitchclean.com
gphmoinul@graphicdesign.cx
Moinul@graphicdesign.cx
Hasan@graphicdesign.cx
Moinul.Hasan@graphicdesign.cx
SadlerRory@sendtrumpet.com
Rory@sendtrumpet.com
Sadler@sendtrumpet.com
Rory.Sadler@sendtrumpet.com
gregbardwell@saturnone.io
Greg@saturnone.io
Bardwell@saturnone.io
Greg.Bardwell@saturnone.io
JoseEnriqueBJ@henrydeveloper.com
Enrique@henrydeveloper.com
maindi@maindi.dev
Aleksi@maindi.dev
Meldo@maindi.dev
Aleksi.Meldo@maindi.dev
OpenMakersIO@openmakers.io
Open@openmakers.io
Makers@openmakers.io
Open.Makers@openmakers.io
devvnomad@ClipMaker.ai
Romain@ClipMaker.ai
Isaac@linktr.ee
|@linktr.ee
Isaac.|@linktr.ee
RabiaaGhafoor@rabiaghafoor.substack
Rabia@rabiaghafoor.substack
Ghafoor@rabiaghafoor.substack
Rabia.Ghafoor@rabiaghafoor.substack
ashishsangai@ashishsangai.com
Ashish@ashishsangai.com
sangai@ashishsangai.com
Ashish.sangai@ashishsangai.com
mockerapp@mocker.app
Mocker@mocker.app
Vincent@shor.by
elliotchaim@elliotchaim.com
Elliot@elliotchaim.com
Chaim@elliotchaim.com
Elliot.Chaim@elliotchaim.com
NoCodeCompany@nocodecompany.com
No@nocodecompany.com
Code@nocodecompany.com
No.Code@nocodecompany.com
geetfun@furvur.com
Simon@furvur.com
Chiu@furvur.com
Simon.Chiu@furvur.com
makeitatul@atulbade.com
Atul@atulbade.com
Bade@atulbade.com
Atul.Bade@atulbade.com
arnauddsj@crea.guide
Arnaud@crea.guide
SYBG_ai@sybg.ai
SYBG.ai@sybg.ai
qwati@deviare.co
Luba@deviare.co
Dyantyi@deviare.co
Luba.Dyantyi@deviare.co
mattnosleep@crawlie.io
Matt@crawlie.io
|@crawlie.io
Matt.|@crawlie.io
HeroldLantern@heroldlantern.com
Herold@heroldlantern.com
&@heroldlantern.com
Herold.&@heroldlantern.com
ArifDiggi@MyHelpAngels.com
Arif@MyHelpAngels.com
Diggi@MyHelpAngels.com
Arif.Diggi@MyHelpAngels.com
ekrubyguy@appbasics.com
EK@appbasics.com
Christian@instagram.com
Samuel@instagram.com
Christian.Samuel@instagram.com
Philip@philipsnyder.me
Snyder@philipsnyder.me
Philip.Snyder@philipsnyder.me
CSMikeCardona@letters.busytoleveraged
Mike@letters.busytoleveraged
Cardona@letters.busytoleveraged
Mike.Cardona@letters.busytoleveraged
Bharadwaj@inboxpirates.com
Giridhar@inboxpirates.com
Bharadwaj.Giridhar@inboxpirates.com
David@youtube.com
Hwang@youtube.com
David.Hwang@youtube.com
Coaching@calendly.com
namwa_swd@namwa.dev
Namwa@namwa.dev
_liamdoolan@liamdoolan.com
Liam@liamdoolan.com
Doolan@liamdoolan.com
Liam.Doolan@liamdoolan.com
KamilaKlavikova@orgpad.com
Kamila@orgpad.com
NickFreiling@nickf.co
Nick@nickf.co
F@nickf.co
Nick.F@nickf.co
r0bsterry@uk.linkedin
Rob@uk.linkedin
Sterry@uk.linkedin
Rob.Sterry@uk.linkedin
averageabidal@passtheproduct.io
abidal.eth@passtheproduct.io
Bharath_Brands@bharathbrands.in
Bharath@bharathbrands.in
Brands@bharathbrands.in
Bharath.Brands@bharathbrands.in
KookAI_trades@kookai.korus-studio
Marketer@fiverr.com
Arafat@fiverr.com
Marketer.Arafat@fiverr.com
EstMarty@softpub.co
Marty@softpub.co
euboid@senja.io
Wilson@senja.io
Wilson@senja.io
Wilson.Wilson@senja.io
charlierward@ramenclub.so
Charlie@ramenclub.so
Ward@ramenclub.so
Charlie.Ward@ramenclub.so
theindiemaker@nicolaslaurent.eu
Nicolas@nicolaslaurent.eu
Laurent@nicolaslaurent.eu
Nicolas.Laurent@nicolaslaurent.eu
indie_worldwide@indieworldwide.co
Indie@indieworldwide.co
Worldwide@indieworldwide.co
Indie.Worldwide@indieworldwide.co
jro7@jeroenroosenboom.com
Jeroen@jeroenroosenboom.com
HJ@bit.ly
-@bit.ly
HJ.-@bit.ly
nikhilgohil11@uiworks.io
Nikhil@uiworks.io
Gohil@uiworks.io
Nikhil.Gohil@uiworks.io
OlivaresInfo@tradersync.com
David@tradersync.com
Olivares@tradersync.com
David.Olivares@tradersync.com
kgrsajid@bio.kazi
Kazi@bio.kazi
Rabbany@bio.kazi
Kazi.Rabbany@bio.kazi
Holly_Stephens@getsubly.com
Holly@getsubly.com
Stephens@getsubly.com
Holly.Stephens@getsubly.com
AnthonyCastrio@indieworldwide.com
Anthony@indieworldwide.com
Castrio@indieworldwide.com
Anthony.Castrio@indieworldwide.com
Startup@linktr.ee
Founder@linktr.ee
Startup.Founder@linktr.ee
agazdecki@microacquire.com
Andrew@microacquire.com
Gazdecki@microacquire.com
Andrew.Gazdecki@microacquire.com
RamenClubHQ@ramenclub.so
Ramen@ramenclub.so
Club@ramenclub.so
Ramen.Club@ramenclub.so
talktostefan@talktostefan.com
Stefan@talktostefan.com
iccowan@rapidauth.me
Ian@rapidauth.me
Cowan@rapidauth.me
Ian.Cowan@rapidauth.me
Arvid@linktr.ee
Kahl@linktr.ee
Arvid.Kahl@linktr.ee
zkwentz@zachwentz.com
Zach@zachwentz.com
Wentz@zachwentz.com
Zach.Wentz@zachwentz.com
Mustafa@linktr.ee
Ergisi@linktr.ee
Mustafa.Ergisi@linktr.ee
mattsafaii@saasflow.com
Matt@saasflow.com
Safaii@saasflow.com
Matt.Safaii@saasflow.com
Musharof@producthunt.com
jeff_codes@jeffedmondson.dev
Jeff@jeffedmondson.dev
Edmondson@jeffedmondson.dev
Jeff.Edmondson@jeffedmondson.dev
DigitalVJR@bizztor.com
Vijay@bizztor.com
RyaneSaaS@pitchlane.io
Ryane@pitchlane.io
SaaS@pitchlane.io
Ryane.SaaS@pitchlane.io
cmmannion@sonartalent.com
Chris@sonartalent.com
Mannion@sonartalent.com
Chris.Mannion@sonartalent.com
Luke@youtube.com
Urban@youtube.com
Luke.Urban@youtube.com
teeter_tater@dailylauncher.com
Yury@dailylauncher.com
DutchEngIishman@dutchenglishman.com
Lee@dutchenglishman.com
kod_ros@pricewell.io
Ros@pricewell.io
Kod@pricewell.io
Ros.Kod@pricewell.io
maxtrautwein@minblo.io
JoshMunsch@joshmunsch.com
Josh@joshmunsch.com
Munsch@joshmunsch.com
Josh.Munsch@joshmunsch.com
refuse2choose@lyght.haus
Tobias@lyght.haus
Taco@linktr.ee
Rockets@linktr.ee
Taco.Rockets@linktr.ee
gummy_search@gummysearch.com
GummySearch@gummysearch.com
djtdotdev@djt.dev
Daniel@djt.dev
ercumentekinci@robotalp.com
Ekinci@robotalp.com
AusDon@donkeyparty.org
Don@donkeyparty.org
Anto@bio.link
Tom@bio.link
Anto.Tom@bio.link
owenconti@owenconti.com
Owen@owenconti.com
Conti@owenconti.com
Owen.Conti@owenconti.com
SmothersAaron@texttoimage.io
Aaron@texttoimage.io
Smothers@texttoimage.io
Aaron.Smothers@texttoimage.io
johnmoye@lobeelearning.com
John@lobeelearning.com
Moye@lobeelearning.com
John.Moye@lobeelearning.com
oneMandal@manishmandal.me
Manish@manishmandal.me
Mandal@manishmandal.me
Manish.Mandal@manishmandal.me
iacopolivia@iacopolivia.me
Iacopo@iacopolivia.me
Livia@iacopolivia.me
Iacopo.Livia@iacopolivia.me
Mohit@bio.link
G@bio.link
Mohit.G@bio.link
Berz01@NterNow.com
Barrett@NterNow.com
Davis@NterNow.com
Barrett.Davis@NterNow.com
alexbreen7@bnbbuyer.com
Alex@bnbbuyer.com
Breen@bnbbuyer.com
Alex.Breen@bnbbuyer.com
tweetsy_io@tweetsy.io
Tweetsy@tweetsy.io
tomlarkworthy@webcode.run
Tom@webcode.run
Larkworthy@webcode.run
Tom.Larkworthy@webcode.run
JelyCraft@jelycraft.com
JelyCraft@jelycraft.com
nandhaKT@actions.so
Nandha@actions.so
orvi_onethread@orvi2014.github
Robat@orvi2014.github
Das@orvi2014.github
Robat.Das@orvi2014.github
Bushra@linkedin.com
Shakil@linkedin.com
Bushra.Shakil@linkedin.com
IndianAppGuy@nt.ink
Sanskar@nt.ink
building@nt.ink
Sanskar.building@nt.ink
paul_okoduwa@paulokoduwa.disha
Paul_okoduwa@paulokoduwa.disha
RafsanHashemi@rafsan.dorik
Hashemi@rafsan.dorik
Rafsan@rafsan.dorik
Hashemi.Rafsan@rafsan.dorik
ojm@ojm.co
Owen@ojm.co
McCrink@ojm.co
Owen.McCrink@ojm.co
Roy@github.com
Cyril@github.com
Roy.Cyril@github.com
heyemils@readlaunch.com
Emils@readlaunch.com
Uztics@readlaunch.com
Emils.Uztics@readlaunch.com
query_hq@query.me
Query.me@query.me
Andrey@videotouch.io
Novikov@videotouch.io
Andrey.Novikov@videotouch.io
rocketdash_io@rocketdash.io
Philipp@rocketdash.io
PavelGvay@shizune.co
Pavel@shizune.co
Gvay@shizune.co
Pavel.Gvay@shizune.co
iamHammadNasir@stemble.xyz
Hammad@stemble.xyz
bobbyiliev_@devdojo.com
Bobby@devdojo.com
Iliev@devdojo.com
Bobby.Iliev@devdojo.com
thisisbillall@portfolio-thisisbillall.netlify
Mohammad@portfolio-thisisbillall.netlify
Bilal@portfolio-thisisbillall.netlify
Mohammad.Bilal@portfolio-thisisbillall.netlify
Abdullah@facebook.com
Al-Dyab@facebook.com
Abdullah.Al-Dyab@facebook.com
blackmagic_so@blackmagic.so
BlackMagic.so@blackmagic.so
Jeff@indiehackers.com
nwbotha@shipsaas.com
Nico@shipsaas.com
Botha@shipsaas.com
Nico.Botha@shipsaas.com
frandevme@frandev.me
FJ@frandev.me
Riedemann@frandev.me
FJ.Riedemann@frandev.me
Micah@openmakers.io
Iverson@openmakers.io
Micah.Iverson@openmakers.io
_JonathanBarone@bipdash.com
Jonathan@bipdash.com
Barone@bipdash.com
Jonathan.Barone@bipdash.com
KmAsiff@testsigma.com
Mohammad@testsigma.com
Asif@testsigma.com
Mohammad.Asif@testsigma.com
SaleheenKhan1@thesaleheen.com
Khan@thesaleheen.com
naturally_josh@go.naturallyabundant
Josh@go.naturallyabundant
van@go.naturallyabundant
Josh.van@go.naturallyabundant
MrCSBTech@csbtech.dev
Stephan@csbtech.dev
imtonmoytanvir@tonmoytanvir.com
Tonmoy@tonmoytanvir.com
Tanvir@tonmoytanvir.com
Tonmoy.Tanvir@tonmoytanvir.com
VeeralLuvani@perrian.com
Veeral@perrian.com
Luvani@perrian.com
Veeral.Luvani@perrian.com
GrafixJoker@loudegg.hy
Joe@loudegg.hy
Maracic@loudegg.hy
Joe.Maracic@loudegg.hy
webgen3pointO@mapped.rocks
WebGen@mapped.rocks
3.0@mapped.rocks
WebGen.3.0@mapped.rocks
3@youtube.com
Comma@youtube.com
3.Comma@youtube.com
perdjurner@perdjurner.com
Per@perdjurner.com
Djurner@perdjurner.com
Per.Djurner@perdjurner.com
itsbalal@its.bal
Aleksandar@its.bal
Sarker_Mo@contentpace.com
Mohiuddin@contentpace.com
hackertabdev@hackertab.dev
{Hackertab.dev}@hackertab.dev
Daniel@linktr.ee
Stedman@linktr.ee
Daniel.Stedman@linktr.ee
GetBetterCart@getbettercart.com
Better@getbettercart.com
Cart@getbettercart.com
Better.Cart@getbettercart.com
getlanding@getlanding.io
Getlanding.io@getlanding.io
Aua@omnil.ink
Toraea@omnil.ink
Aua.Toraea@omnil.ink
Udit@pigr.co
Goenka@pigr.co
Udit.Goenka@pigr.co
lilia@instagram.com
gn@instagram.com
lilia.gn@instagram.com
Greg@github.com
DeMaderios@github.com
Greg.DeMaderios@github.com
al8xandros@service.delivery
Alexandros@service.delivery
Roussos@service.delivery
Alexandros.Roussos@service.delivery
MirazKh20964875@developermiraz.com
Miraz@developermiraz.com
Khan@developermiraz.com
Miraz.Khan@developermiraz.com
storepathAI@storepath.ai
Storepath@storepath.ai
clair@wing.VC
theclairbyrd@wing.vc
Clair@wing.vc
Byrd@wing.vc
Clair.Byrd@wing.vc
thiprogramador@thiagoprogramador.com
Thiago@thiagoprogramador.com
Martins@thiagoprogramador.com
Thiago.Martins@thiagoprogramador.com
CharlieGrund@google.com
Charlie@google.com
Grund@google.com
Charlie.Grund@google.com
csillaBarna0@csillabarna.github
Csilla@csillabarna.github
Barna@csillabarna.github
Csilla.Barna@csillabarna.github
Marijan@linkedin.com
Divkovic@linkedin.com
Marijan.Divkovic@linkedin.com
dedigger1@dedigger.com
dedigger@dedigger.com
Passion_so@passion.so
Passion.so@passion.so
TiktokFast@tiktokfastfoodkabul.com
Tiktok@tiktokfastfoodkabul.com
Fast@tiktokfastfoodkabul.com
Tiktok.Fast@tiktokfastfoodkabul.com
theleonwei@leonwei.com
Leon@leonwei.com
Wei@leonwei.com
Leon.Wei@leonwei.com
EthanGol1@Trypeers.com
Ethan@Trypeers.com
Gol@Trypeers.com
Ethan.Gol@Trypeers.com
mantman9@mantman.com
mantman@mantman.com
devondemandco@devondemand.co
devondemandco@devondemand.co
tjkcc@clipsus.app
Valentin@clipsus.app
R-K@clipsus.app
Valentin.R-K@clipsus.app
didar_alam30@yahoo.com
ProspectssCom@prospectss.com
Prospectss@prospectss.com
beampipe_io@beampipe.io
Beampipe@beampipe.io
Analytics@beampipe.io
Beampipe.Analytics@beampipe.io
AdileoBarone@adileo.org
Adileo@adileo.org
Barone@adileo.org
Adileo.Barone@adileo.org
Made@madeyoulaugh.app
You@madeyoulaugh.app
Made.You@madeyoulaugh.app
Kalinaki@github.com
M@github.com
Kalinaki.M@github.com
PostMaker_io@postmaker.io
postmaker.io@postmaker.io
Ashwinvasudeva@scrapex.ai
ashwin@scrapex.ai
Nadeera99335895@mycommerceinfo.com
Mycommerceinfo@mycommerceinfo.com
JirutoLearn@jiruto.com
Jiruto@jiruto.com
JensBackbom@jensbackbom.com
Jens@jensbackbom.com
runnaroo@runnaroo.com
Runnaroo@runnaroo.com
HenrikStromblad@henrikstromblad.com
Henrik@henrikstromblad.com
thisiselies@spotista.xyz
elies@spotista.xyz
prodpsychology@productpsychology.substack
Product@productpsychology.substack
Psychology@productpsychology.substack
Product.Psychology@productpsychology.substack
JP1016v1@codekeep.io
Jithin@codekeep.io
Pariyarath@codekeep.io
Jithin.Pariyarath@codekeep.io
Alexandra@linkedin.com
Yeo@linkedin.com
Alexandra.Yeo@linkedin.com
PJijin@pjijin.now
Jijin@pjijin.now
P@pjijin.now
Jijin.P@pjijin.now
valoscope@valentinewatkins.com
Vally@valentinewatkins.com
Bongs@valentinewatkins.com
Vally.Bongs@valentinewatkins.com
Michal@kickstartsidehustle.com
Kankowski@kickstartsidehustle.com
Michal.Kankowski@kickstartsidehustle.com
jochemgerritsen@lancebase.io
Jochem@lancebase.io
GetMeetopia@meetopia.io
Meetopia@meetopia.io
HelperPoker@pokerhelper.app
Poker@pokerhelper.app
Helper@pokerhelper.app
Poker.Helper@pokerhelper.app
jayehernandez_@jayehernandez.com
Jaye@jayehernandez.com
Hernandez@jayehernandez.com
Jaye.Hernandez@jayehernandez.com
montazham_@montazeri-ventures.com
Hamed@montazeri-ventures.com
Montazeri@montazeri-ventures.com
Hamed.Montazeri@montazeri-ventures.com
clemmons_io@clemmons.io
Nolan@clemmons.io
Clemmons@clemmons.io
Nolan.Clemmons@clemmons.io
DiscoverVincent@withvincent.com
Invest@withvincent.com
with@withvincent.com
Invest.with@withvincent.com
Becca@ebay.com
T@ebay.com
Becca.T@ebay.com
KentStuver@join.kentstuver
Kent@join.kentstuver
Stuver@join.kentstuver
Kent.Stuver@join.kentstuver
4weekwebsite@4WeekWebsite.com
4@4WeekWebsite.com
Week@4WeekWebsite.com
4.Week@4WeekWebsite.com
anshchopra_@thelollyapp.com
Ansh@thelollyapp.com
Chopra@thelollyapp.com
Ansh.Chopra@thelollyapp.com
santi_0x@ranktutorials.com
santi_0x@ranktutorials.com
Gael@github.com
Destrem@github.com
Gael.Destrem@github.com
CoreyFromAL@getspellbook.dev
Corey@getspellbook.dev
Moten@getspellbook.dev
Corey.Moten@getspellbook.dev
R_ubenBuijs@boei.help
Ruben@boei.help
Buijs@boei.help
Ruben.Buijs@boei.help
notlhw@notlhw.gumroad
Lim@notlhw.gumroad
How@notlhw.gumroad
Lim.How@notlhw.gumroad
julianeon@javascriptpage.com
Julian@javascriptpage.com
Martinez@javascriptpage.com
Julian.Martinez@javascriptpage.com
tejas_masti@mastichai.com
Tejas@mastichai.com
rosiesherry@rosie.land
Rosie@rosie.land
Sherry@rosie.land
Rosie.Sherry@rosie.land
mergefly@mergefly.com
Mergefly@mergefly.com
humlix@humlix.com
Humlix@humlix.com
RememberTheAPI@remembertheapi.com
RememberTheAPI@remembertheapi.com
getdevinsight@getdevinsight.com
DevInsight@getdevinsight.com
datapeek@datum.alwaysdata
data@datum.alwaysdata
peek@datum.alwaysdata
data.peek@datum.alwaysdata
exdeve@undersend.com
exdeve@undersend.com
krgraver@kellygraver.com
Kelly@kellygraver.com
Graver@kellygraver.com
Kelly.Graver@kellygraver.com
sheetpages@sheetpages.com
SheetPages.com@sheetpages.com
JustAnotherPM@justanotherpm.com
JustAnotherPM@justanotherpm.com
sagunsh@sagunshrestha.com
Sagun@sagunshrestha.com
Shrestha@sagunshrestha.com
Sagun.Shrestha@sagunshrestha.com
Jamal@youtube.com
Mashal@youtube.com
Jamal.Mashal@youtube.com
stackyme@stacky.me
Stacky.me@stacky.me
MaciejJanowski@janowski.dev
Maciej@janowski.dev
anand_sriniv@keywordresearch.gumroad
Anand@keywordresearch.gumroad
thestartupjohn@startupjohn.com
thestartupjohn@startupjohn.com
flipptap@flipptap.com
Flipptap@flipptap.com
|@flipptap.com
Flipptap.|@flipptap.com
marclar@mk4p.com
Michael@mk4p.com
Kane@mk4p.com
Michael.Kane@mk4p.com
tanulski@tanul.xyz
tanul@tanul.xyz
EralpBayraktar@eralpbayraktar.com
Eralp@eralpbayraktar.com
Bayraktar@eralpbayraktar.com
Eralp.Bayraktar@eralpbayraktar.com
harveytoro@harveytoro.com
Harvey@harveytoro.com
NxAlessandro@abyssale.com
Alessandro@abyssale.com
Stigliani@abyssale.com
Alessandro.Stigliani@abyssale.com
xsuve_@xsuve.com
George@xsuve.com
joshbarkeruk@nextlevelweb.co
Josh@nextlevelweb.co
Barker@nextlevelweb.co
Josh.Barker@nextlevelweb.co
ARMiedema@cleavr.io
Adam@cleavr.io
Miedema@cleavr.io
Adam.Miedema@cleavr.io
Gopalkildoliya@ijesports.org
Gopal@ijesports.org
Kildoliya@ijesports.org
Gopal.Kildoliya@ijesports.org
LeviNunnink@nunn.ink
Levi@nunn.ink
Nunnink@nunn.ink
Levi.Nunnink@nunn.ink
airwrking@airwrk.com
Sayem@airwrk.com
Faruk@airwrk.com
Sayem.Faruk@airwrk.com
workspace91@workspace91.com
Ravi@workspace91.com
Paliwal@workspace91.com
Ravi.Paliwal@workspace91.com
viasocket@viasocket.com
Ravi@viasocket.com
Paliwal@viasocket.com
Ravi.Paliwal@viasocket.com
Cyient@cyient.com
Venu@cyient.com
Bhupathiraju@cyient.com
Venu.Bhupathiraju@cyient.com
Arthur@t.me
Emmanuel@t.me
Arthur.Emmanuel@t.me
birdy_so@birdy.so
Maxime@birdy.so
Solidinbox@solidinbox.com
Mahdi@solidinbox.com
airgpu@airgpu.com
Sven@airgpu.com
Frese@airgpu.com
Sven.Frese@airgpu.com
AnchorlessBD@anchorless.vc
Ishti@anchorless.vc
Alam@anchorless.vc
Ishti.Alam@anchorless.vc
RyaneSaaS@pitchlane.io
Patrick@pitchlane.io
stablx@stablx.com
ranajayant@stablx.com
menulao@menulao.in
Sahil@menulao.in
k@menulao.in
Sahil.k@menulao.in
CommEngine@CommEngine.xyz
Ishti@CommEngine.xyz
Alam@CommEngine.xyz
Ishti.Alam@CommEngine.xyz
Eugene@unika.network
Mintsevich@unika.network
Eugene.Mintsevich@unika.network
kutukikids@kutuki.in
Varinder.eth@kutuki.in
WeAreKustard@kustard.io
Javed@kustard.io
Khatri@kustard.io
Javed.Khatri@kustard.io
NSUStartupsNext@nsustartupsnext.com
Ishti@nsustartupsnext.com
Alam@nsustartupsnext.com
Ishti.Alam@nsustartupsnext.com
uprm@uprm.edu
Gabriel@uprm.edu
GeorgiaTech@gatech.edu
Gabriel@gatech.edu
worldofdevs_dev@worldofdevs.com
Abbaas_ABM@worldofdevs.com
IITIOfficial@iiti.ac
Varinder.eth@iiti.ac
ai_markopolo@markopolo.ai
Tasnim@markopolo.ai
Hasan@markopolo.ai
Tasnim.Hasan@markopolo.ai
tailwindcss@tailwindcss.com
Ingo@tailwindcss.com
support@applimiter.com
limiterHQ@applimiter.com
Shem@applimiter.com
Astrect@discord.gg
|@discord.gg
Astrect.|@discord.gg
typescript@typescriptlang.org
Ingo@typescriptlang.org
expressvpn@expressvpn.com
Osman@expressvpn.com
TempboxMac@tempbox.waseem
Waseem@tempbox.waseem
Akram@tempbox.waseem
Waseem.Akram@tempbox.waseem
QuantData@quantdata.us
Astrect@quantdata.us
|@quantdata.us
Astrect.|@quantdata.us
g7jnzepj@anonaddy.me
BPP_National@bppnational.org
Eithiriel@bppnational.org
ProductHunt@producthunt.com
Eithiriel@producthunt.com
CleverFlowHQ@cleverflowhq.com
Aliasgar@cleverflowhq.com
Murtaza@cleverflowhq.com
Aliasgar.Murtaza@cleverflowhq.com
contentpace@contentpace.com
Muntasir@contentpace.com
AppulyApp@apps.apple
Walid@apps.apple
Ashik@apps.apple
Walid.Ashik@apps.apple
legitcheckbych@legitcheck.app
Ch@legitcheck.app
ListKitio@go.listkit
Alex@go.listkit
simpleink@simple.ink
Ch@simple.ink
rustlang@rust-lang.org
SimpleAnalytic@simpleanalytics.com
Iron@simpleanalytics.com
Brands@simpleanalytics.com
Iron.Brands@simpleanalytics.com
trivago_tech@tech.trivago
DistributeAid@distributeaid.org
Eithiriel@distributeaid.org
trycasadotio@trycasa.io
Dhruv@trycasa.io
Bhatia@trycasa.io
Dhruv.Bhatia@trycasa.io
openswoole@openswoole.com
KemetWorks@kemetworks.com
R@kemetworks.com
growthschoolio@growthschool.io
Om@growthschool.io
Asnani@growthschool.io
Om.Asnani@growthschool.io
stuffigreviews@stuffig.com
Kristian@stuffig.com
Gejdos@stuffig.com
Kristian.Gejdos@stuffig.com
instasellhq@instasell.io
Rahul@instasell.io
Ranjan@instasell.io
Rahul.Ranjan@instasell.io
ansalapp@ansalapp.super
Walid@ansalapp.super
Ashik@ansalapp.super
Walid.Ashik@ansalapp.super
QuoteWriterApp@quotewriter.app
Walid@quotewriter.app
Ashik@quotewriter.app
Walid.Ashik@quotewriter.app
olvyhq@olvy.co
Arnob@olvy.co
Dada@olvy.co
Arnob.Dada@olvy.co
delux_exp@delux-experience.com
R@delux-experience.com
dayoneapp@dayoneapp.com
JustGage@dayoneapp.com
Dan@saasacademy.com
Martell@saasacademy.com
Dan.Martell@saasacademy.com
hyper_writer@hyperwriter.app
JustGage@hyperwriter.app
ordernerd@ordernerd.com
gladney@ordernerd.com
TweetCopilot@tweetcopilot.com
Nomad@tweetcopilot.com
nextjs@nextjs.org
Ingo@nextjs.org
nitish@linktr.ee
alodia@linktr.ee
nitish.alodia@linktr.ee
hacker_content@hackercontent.com
hakluke@hackercontent.com
Medium@medium.com
Aman@medium.com
Arora@medium.com
Aman.Arora@medium.com
MSFTImagine@imaginecup.microsoft
Muhammad@imaginecup.microsoft
Taimoor@imaginecup.microsoft
Muhammad.Taimoor@imaginecup.microsoft
Anibe@cuda.io
Samuel@cuda.io
Anibe.Samuel@cuda.io
lancetoietcode@lancetoietcode.fr
Thomas@lancetoietcode.fr
Ferry@lancetoietcode.fr
Thomas.Ferry@lancetoietcode.fr
Arnob@culrs.com
Dada@culrs.com
Arnob.Dada@culrs.com
getfrylo@frylo.io
Thomas@frylo.io
Ferry@frylo.io
Thomas.Ferry@frylo.io
ogpayapp@ogpay.com
R@ogpay.com
haksecio@haksec.io
hakluke@haksec.io
Proposify@proposify.com
Dan@proposify.com
Martell@proposify.com
Dan.Martell@proposify.com
popupfoxcom@popupfox.com
Karen@popupfox.com
Levik@popupfox.com
Karen.Levik@popupfox.com
themexpert@themexpert.com
Parvez@themexpert.com
Akther@themexpert.com
Parvez.Akther@themexpert.com
ampfluence@ampfluence.com
CharliePatel@ampfluence.com
RocketHub@RocketHub.com
CharliePatel@RocketHub.com
stck_me@stck.me
Aman@stck.me
Arora@stck.me
Aman.Arora@stck.me
SocialGrowthio@Social-Growth.io
Chris@Social-Growth.io
Samp@Social-Growth.io
Chris.Samp@Social-Growth.io
laravelphp@laravel.com
KangMus@laravel.com
BB8@EssayAdvisor.com
Andrew@EssayAdvisor.com
Leonardi@EssayAdvisor.com
Andrew.Leonardi@EssayAdvisor.com
bubble@bubble.com
Theo@bubble.com
code4rena@code4rena.com
Ignacio@code4rena.com
Carmona@code4rena.com
Ignacio.Carmona@code4rena.com
Anibe@discord.gg
Samuel@discord.gg
Anibe.Samuel@discord.gg
SubstackInc@substack.com
Aman@substack.com
Arora@substack.com
Aman.Arora@substack.com
Kostja@gitlab.com
airstack_xyz@airstack.xyz
Sharath@airstack.xyz
oldbluesfootball@gmail.com
OldBluesFC@oldblues.co
Matt@oldblues.co
West@oldblues.co
Matt.West@oldblues.co
AppEvergreen@evergreen.so
Aleksi@evergreen.so
Meldo@evergreen.so
Aleksi.Meldo@evergreen.so
PerpetuaLabs@perpetua.io
Matt@perpetua.io
West@perpetua.io
Matt.West@perpetua.io
triberr@triberr.com
CharliePatel@triberr.com
couchbase@couchbase.com
James@couchbase.com
Nocentini@couchbase.com
James.Nocentini@couchbase.com
docuzen_co@docuzen.co
Elliot@docuzen.co
Chaim@docuzen.co
Elliot.Chaim@docuzen.co
DeviareSA@deviare.co
Luba@deviare.co
Dyantyi@deviare.co
Luba.Dyantyi@deviare.co
mobiloud@mobiloud.com
Coaching@mobiloud.com
thrivedesk@thrivedesk.com
Parvez@thrivedesk.com
Akther@thrivedesk.com
Parvez.Akther@thrivedesk.com
Elliot@bit.ly
Chaim@bit.ly
Elliot.Chaim@bit.ly
sendtrumpet@sendtrumpet.com
Rory@sendtrumpet.com
Sadler@sendtrumpet.com
Rory.Sadler@sendtrumpet.com
Aleksi@linktr.ee
Meldo@linktr.ee
Aleksi.Meldo@linktr.ee
Rabia@linktr.ee
Ghafoor@linktr.ee
Rabia.Ghafoor@linktr.ee
TiinyHost@tiiny.host
Coaching@tiiny.host
nxtwave_tech@ccbp.in
Divyansh@ccbp.in
lancetoietcode@lancetoietcode.fr
Nicolas@lancetoietcode.fr
Laurent@lancetoietcode.fr
Nicolas.Laurent@lancetoietcode.fr
IUBloomington@indiana.edu
Rabia@indiana.edu
Ghafoor@indiana.edu
Rabia.Ghafoor@indiana.edu
PlayMPL@mpl.onelink
Divyansh@mpl.onelink
readtechnically@technically.substack
Mike@technically.substack
Cardona@technically.substack
Mike.Cardona@technically.substack
flitpayofficial@flitpay.com
Ashish@flitpay.com
sangai@flitpay.com
Ashish.sangai@flitpay.com
orgpad_official@OrgPad.com
Kamila@OrgPad.com
RubyOnRemote@rubyonremote.com
EK@rubyonremote.com
uiworksio@uiworks.io
Nikhil@uiworks.io
Gohil@uiworks.io
Nikhil.Gohil@uiworks.io
RentBase_Co@rentbase.co
Marty@rentbase.co
RamenClubHQ@ramenclub.so
Coaching@ramenclub.so
AI_CoverLetter@yourcoverletter.com
Tanveer@yourcoverletter.com
-@yourcoverletter.com
Tanveer.-@yourcoverletter.com
udemy@udemy.com
HJ@udemy.com
-@udemy.com
HJ.-@udemy.com
RamenClubHQ@ramenclub.so
Charlie@ramenclub.so
Ward@ramenclub.so
Charlie.Ward@ramenclub.so
PeopleFishHQ@people.fish
Nick@people.fish
F@people.fish
Nick.F@people.fish
NotelyHQ@notely.in
Divyansh@notely.in
amazon@amazon.com
Jose@amazon.com
Tellez@amazon.com
Jose.Tellez@amazon.com
firmhouse@firmhouse.com
Jeroen@firmhouse.com
gamesight@gamesight.io
Jose@gamesight.io
Tellez@gamesight.io
Jose.Tellez@gamesight.io
extenDM_com@extendm.com
Jeroen@extendm.com
Charlie@meetup.com
Ward@meetup.com
Charlie.Ward@meetup.com
BotEatBrain@boteatbrain.com
Anthony@boteatbrain.com
Castrio@boteatbrain.com
Anthony.Castrio@boteatbrain.com
collabclubco@collabclub.co
Kazi@collabclub.co
Rabbany@collabclub.co
Kazi.Rabbany@collabclub.co
Jose@linktr.ee
Tellez@linktr.ee
Jose.Tellez@linktr.ee
Shockdav@shockdav.com
David@shockdav.com
Olivares@shockdav.com
David.Olivares@shockdav.com
ViQuestion@viquestion.com
Jacek@viquestion.com
calmfund@calmfund.com
Charlie@calmfund.com
Ward@calmfund.com
Charlie.Ward@calmfund.com
podcasts_dotcom@podcasts.com
CharliePatel@podcasts.com
charlierward@ramenclub.so
Ramen@ramenclub.so
Club@ramenclub.so
Ramen.Club@ramenclub.so
support@getsubly.com
getsubly@getsubly.com
Holly@getsubly.com
Stephens@getsubly.com
Holly.Stephens@getsubly.com
Entrepreneur@entrepreneur.com
Andrew@entrepreneur.com
Gazdecki@entrepreneur.com
Andrew.Gazdecki@entrepreneur.com
tradersync@tradersync.com
David@tradersync.com
Olivares@tradersync.com
David.Olivares@tradersync.com
StefanManku@digestibletech.com
Stefan@digestibletech.com
indie_worldwide@indieworldwide.co
Anthony@indieworldwide.co
Castrio@indieworldwide.co
Anthony.Castrio@indieworldwide.co
RobotalpHQ@robotalp.com
Ekinci@robotalp.com
AppMailist@mailist.app
Jacek@mailist.app
Jose@barca.link
Tellez@barca.link
Jose.Tellez@barca.link
inbox@lens-app.com
lens_app_@lens-app.com
Luke@lens-app.com
Urban@lens-app.com
Luke.Urban@lens-app.com
FalakDigital@softacquire.com
#100DaysOfBuildSell@softacquire.com
RyaneSaaS@pitchlane.io
PAI@pitchlane.io
Violet@leonnoel.com
Minehan@leonnoel.com
Violet.Minehan@leonnoel.com
bnb_buyer@bnbbuyer.com
Alex@bnbbuyer.com
Breen@bnbbuyer.com
Alex.Breen@bnbbuyer.com
Firebase@Firebase.google
Tom@Firebase.google
Larkworthy@Firebase.google
Tom.Larkworthy@Firebase.google
Twitter@about.twitter
Josh@about.twitter
Munsch@about.twitter
Josh.Munsch@about.twitter
nocode45hq@nocode45.co
Paul_okoduwa@nocode45.co
dorik_io@dorik.com
Hashemi@dorik.com
Rafsan@dorik.com
Hashemi.Rafsan@dorik.com
Stemble_@stemble.xyz
Hammad@stemble.xyz
digitalbasis@digitalbasis.com
Owen@digitalbasis.com
McCrink@digitalbasis.com
Owen.McCrink@digitalbasis.com
ActionsHQ@actions.so
Nandha@actions.so
supermeme_ai@supermeme.ai
Nico@supermeme.ai
Botha@supermeme.ai
Nico.Botha@supermeme.ai
AntStack@antstack.com
Manish@antstack.com
Mandal@antstack.com
Manish.Mandal@antstack.com
veliovgroup@veliovgroup.com
thedevdojo@devdojo.com
Bobby@devdojo.com
Iliev@devdojo.com
Bobby.Iliev@devdojo.com
testsigmainc@testsigma.com
Mohammad@testsigma.com
Asif@testsigma.com
Mohammad.Asif@testsigma.com
MaterializeInc@materialize.com
Bobby@materialize.com
Iliev@materialize.com
Bobby.Iliev@materialize.com
handelsbanken@handelsbanken.se
Derek@handelsbanken.se
Yang@handelsbanken.se
Derek.Yang@handelsbanken.se
thoughtworks@thoughtworks.com
Derek@thoughtworks.com
Yang@thoughtworks.com
Derek.Yang@thoughtworks.com
ostrio_service@ostr.io
OpenMakersIO@openmakers.io
Micah@openmakers.io
Iverson@openmakers.io
Micah.Iverson@openmakers.io
useWritings@writings.so
Aleksandar@writings.so
Airmeet@airmeet.com
Deepak@airmeet.com
Clair@twilio.com
Byrd@twilio.com
Clair.Byrd@twilio.com
developer_dao@developerdao.com
Jonathan@developerdao.com
Barone@developerdao.com
Jonathan.Barone@developerdao.com
CSBTechEmporium@CSBTech.dev
Stephan@CSBTech.dev
jayneural@jayneural.com
Alexandros@jayneural.com
Roussos@jayneural.com
Alexandros.Roussos@jayneural.com
Microsoft@unlocked.microsoft
Dinghan@unlocked.microsoft
labelyze@labelyze.com
Tonmoy@labelyze.com
Tanvir@labelyze.com
Tonmoy.Tanvir@labelyze.com
Udit@pigr.co
Goenka@pigr.co
Udit.Goenka@pigr.co
InoryumLTD@inoryum.com
Khan@inoryum.com
tips@bkmag.com
brooklynmag@bkmag.com
Daniel@bkmag.com
Stedman@bkmag.com
Daniel.Stedman@bkmag.com
Udit@pigr.co
Goenka@pigr.co
Udit.Goenka@pigr.co
events@tastetalks.com
TasteTalks@tastetalks.com
Daniel@tastetalks.com
Stedman@tastetalks.com
Daniel.Stedman@tastetalks.com
cresta@cresta.com
Dinghan@cresta.com
Codekeepio@codekeep.io
Jithin@codekeep.io
Pariyarath@codekeep.io
Jithin.Pariyarath@codekeep.io
amazon@amazon.com
Archit@amazon.com
Kaushik@amazon.com
Archit.Kaushik@amazon.com
IBM@ibm.com
Aaron@ibm.com
humlix@humlix.com
Henrik@humlix.com
hashmetrics_app@hashmetrics.app
Jijin@hashmetrics.app
P@hashmetrics.app
Jijin.P@hashmetrics.app
Alexandra@oracle.com
Yeo@oracle.com
Alexandra.Yeo@oracle.com
InVisionApp@InVisionApp.com
Clair@InVisionApp.com
Byrd@InVisionApp.com
Clair.Byrd@InVisionApp.com
getpane@getpane.com
Josh@getpane.com
Barker@getpane.com
Josh.Barker@getpane.com
NorthsideFest@northsidefestival.com
Daniel@northsidefestival.com
Stedman@northsidefestival.com
Daniel.Stedman@northsidefestival.com
getspellbook@getspellbook.dev
Corey@getspellbook.dev
Moten@getspellbook.dev
Corey.Moten@getspellbook.dev
Forbes@forbes.com
Nolan@forbes.com
Clemmons@forbes.com
Nolan.Clemmons@forbes.com
Roundedapp@rounded.io
Jaye@rounded.io
Hernandez@rounded.io
Jaye.Hernandez@rounded.io
Bipdash@bipdash.com
Jonathan@bipdash.com
Barone@bipdash.com
Jonathan.Barone@bipdash.com
Codekeepio@codekeep.io
Jijin@codekeep.io
P@codekeep.io
Jijin.P@codekeep.io
pjijin_@pjijin.now
Jijin@pjijin.now
P@pjijin.now
Jijin.P@pjijin.now
lazyappHQ@lazy.so
Gael@lazy.so
Destrem@lazy.so
Gael.Destrem@lazy.so
phillduffy@phillduffy.com
postmaker.io@phillduffy.com
hieuSSR@rebit.co
Hieu@rebit.co
Yelp@blog.yelp
JustAnotherPM@blog.yelp
UBC@ubc.ca
Yan@ubc.ca
Sidyakin@ubc.ca
Yan.Sidyakin@ubc.ca
TheLollyApp@apps.apple
Ansh@apps.apple
Chopra@apps.apple
Ansh.Chopra@apps.apple
RosielandHQ@rosie.land
Rosie@rosie.land
Sherry@rosie.land
Rosie.Sherry@rosie.land
snapdeal@m.snapdeal
JustAnotherPM@m.snapdeal
nxtwave_tech@ccbp.in
tanul@ccbp.in
PixelMath@pixelmath.org
tanul@pixelmath.org
GlitterlyA@glitterly.app
Oskar@glitterly.app
Ahlroth@glitterly.app
Oskar.Ahlroth@glitterly.app
Luba@facebook.com
Dyantyi@facebook.com
Luba.Dyantyi@facebook.com
droplr@droplr.com
Levi@droplr.com
Nunnink@droplr.com
Levi.Nunnink@droplr.com
pioneerdotapp@pioneer.app
Ansh@pioneer.app
Chopra@pioneer.app
Ansh.Chopra@pioneer.app
IJESPORTS@ijesports.org
Gopal@ijesports.org
Kildoliya@ijesports.org
Gopal.Kildoliya@ijesports.org
IndiependentHQ@rosieland.gumroad
Rosie@rosieland.gumroad
Sherry@rosieland.gumroad
Rosie.Sherry@rosieland.gumroad
thecleavr@cleavr.io
Adam@cleavr.io
Miedema@cleavr.io
Adam.Miedema@cleavr.io
grapiture@grapiture.com
Harvey@grapiture.com
Ansh@hopin.com
Chopra@hopin.com
Ansh.Chopra@hopin.com
NxAbyssale@abyssale.com
Alessandro@abyssale.com
Stigliani@abyssale.com
Alessandro.Stigliani@abyssale.com
Oracle@oracle.com
Corey@oracle.com
Moten@oracle.com
Corey.Moten@oracle.com
ISBedu@isb.edu
JustAnotherPM@isb.edu
lunadio@lunadio.com
Ivan@lunadio.com
Homola@lunadio.com
Ivan.Homola@lunadio.com
