EMAIL
tombaplatforum@tomba.io
Tomba@tomba.io
the_actual_kyle@socialimage.app
Kyle@socialimage.app
DaraRagh@daramacraghnaill.com
Dara@daramacraghnaill.com
Mac@daramacraghnaill.com
Dara.Mac@daramacraghnaill.com
uluhonolulu@jelytics.com
Artyom@jelytics.com
Smirnov@jelytics.com
Artyom.Smirnov@jelytics.com
yigitkonur@wope.com
Konur@wope.com
MarvinPoep@protopoll.com
Marvin@protopoll.com
P@protopoll.com
Marvin.P@protopoll.com
KhJaffer@qstp.org
Khawaja@qstp.org
Jaffer@qstp.org
Khawaja.Jaffer@qstp.org
jimmyvybez1@Cryptosecuregain.com
Jimmy@Cryptosecuregain.com
Vybez@Cryptosecuregain.com
Jimmy.Vybez@Cryptosecuregain.com
getdoni@getdoni.com
getdoni@getdoni.com
Isaac@instagram.com
Okunato@instagram.com
Isaac.Okunato@instagram.com
anasbarg@blog.litbit
Anas@blog.litbit
Barghouthy@blog.litbit
Anas.Barghouthy@blog.litbit
TraeMikal@skillfund.co
Trae@skillfund.co
WilliamCallahan@williamcallahan.com
William@williamcallahan.com
Tanmaay@linkedin.com
K@linkedin.com
Tanmaay.K@linkedin.com
vigneshg_co@vigneshg.co
Vignesh@vigneshg.co
G@vigneshg.co
Vignesh.G@vigneshg.co
j_shareable@theuserflow.co
Jamie@theuserflow.co
PTRVDA@pietervanderauwera.com
PTRVDA@pietervanderauwera.com
kenyarmosh@kenyarmosh.com
Ken@kenyarmosh.com
Yarmosh@kenyarmosh.com
Ken.Yarmosh@kenyarmosh.com
consultantrhys@fomo.ooo
Rhys@fomo.ooo
apranevicius@remotelytalents.com
Adomas@remotelytalents.com
Pranevicius@remotelytalents.com
Adomas.Pranevicius@remotelytalents.com
Rae@tinyurl.com
Sho@tinyurl.com
Rae.Sho@tinyurl.com
_salmanaslam@omnicoreagency.com
Salman@omnicoreagency.com
Aslam@omnicoreagency.com
Salman.Aslam@omnicoreagency.com
Javi@saleshackers.es
carriere4@scandy.co
charles@scandy.co
linkbiomedicalsupplies35@gmail.com
Ibrahimlubega35@linkbiomedicalsupplies.com
Ibrah@linkbiomedicalsupplies.com
Er@about.me
Fonseca@about.me
Er.Fonseca@about.me
aaronpost@oneorangeday.com
Postman@oneorangeday.com
Niall@linktr.ee
Carver@linktr.ee
Niall.Carver@linktr.ee
begottensun@getdeets.co
K@getdeets.co
rishabh.bardia@exfinityventures.com
James@about.me
Spalding@about.me
James.Spalding@about.me
HeroJourneyOn@links.e-mailcopy
CreativeBuyer@suitsandsneakers.global
Anne@suitsandsneakers.global
Miles@suitsandsneakers.global
Anne.Miles@suitsandsneakers.global
HelloDarshana@darshana.love
Darshana@darshana.love
searchzakir@xyInbox.com
Zakir@xyInbox.com
Shaikh@xyInbox.com
Zakir.Shaikh@xyInbox.com
BrianSandholdt@dk.linkedin
Brian@dk.linkedin
Sandholdt@dk.linkedin
Brian.Sandholdt@dk.linkedin
MatthewZRuiz@trouthousetech.com
Matt@trouthousetech.com
Ruiz@trouthousetech.com
Matt.Ruiz@trouthousetech.com
gouthambandaru_@foundersbook.co
Goutham@foundersbook.co
some_user123@lucho.dev
michaelnevernot@updog.marketing
Mikael@updog.marketing
Johansson@updog.marketing
Mikael.Johansson@updog.marketing
Master@wishtender.com
Harry@wishtender.com
Master.Harry@wishtender.com
Arthur@linktr.ee
Haris60595643@harry44haris.wixsite
Haris@harry44haris.wixsite
TheLexTimes@builtbylex.com
Lex@builtbylex.com
SameeHsn@sameehsn.com
Samee@sameehsn.com
Hassan@sameehsn.com
Samee.Hassan@sameehsn.com
iam5hravan@thoughtscoop.com
Shravan@thoughtscoop.com
contact@snapsbyash.com
snapsbyash@snapsbyash.com
Snaps@snapsbyash.com
By@snapsbyash.com
Snaps.By@snapsbyash.com
Muhammad@bio.link
Taimoor@bio.link
Muhammad.Taimoor@bio.link
mockerapp@mocker.app
Mocker@mocker.app
Gabriel@instagram.com
Panduh@instagram.com
Gabriel.Panduh@instagram.com
cindyeich@lovegoesfurther.org
Cindy@lovegoesfurther.org
Eich@lovegoesfurther.org
Cindy.Eich@lovegoesfurther.org
slakhina@uundergrad.com
Sandeep@uundergrad.com
Sunny@uundergrad.com
Sandeep.Sunny@uundergrad.com
petervndr@vanderfilmco.com
Peter@vanderfilmco.com
Vander@vanderfilmco.com
Peter.Vander@vanderfilmco.com
DashBarkHuss@dashiellbarkhuss.com
Dashiell@dashiellbarkhuss.com
Bark-Huss@dashiellbarkhuss.com
Dashiell.Bark-Huss@dashiellbarkhuss.com
simplechris@chrissimpson.co
Chris@chrissimpson.co
Simpson@chrissimpson.co
Chris.Simpson@chrissimpson.co
Jens@jenslennartsson.com
mohsenoid@mohsenoid.com
Mohsen@mohsenoid.com
Mirhoseini@mohsenoid.com
Mohsen.Mirhoseini@mohsenoid.com
seyedjafariy@worldsnas.com
Seyed@worldsnas.com
Jafari@worldsnas.com
Seyed.Jafari@worldsnas.com
Eli@bio.link
Finer@bio.link
Eli.Finer@bio.link
sabinbaniya_@portfolio.sabinbaniya
sabin@portfolio.sabinbaniya
baniya@portfolio.sabinbaniya
sabin.baniya@portfolio.sabinbaniya
mahdix@mahdix.com
Mahdi@mahdix.com
protopoll@protopoll.com
Marvin@protopoll.com
P@protopoll.com
Marvin.P@protopoll.com
LitBitDev@blog.litbit
Anas@blog.litbit
Barghouthy@blog.litbit
Anas.Barghouthy@blog.litbit
gymainapp@gymain.com
Marvin@gymain.com
P@gymain.com
Marvin.P@gymain.com
zeoagency@zeo.org
Konur@zeo.org
USATODAY@usatoday.com
Salman@usatoday.com
Aslam@usatoday.com
Salman.Aslam@usatoday.com
CIOonline@cio.com
Salman@cio.com
Aslam@cio.com
Salman.Aslam@cio.com
thrive@thriveglobal.com
Salman@thriveglobal.com
Aslam@thriveglobal.com
Salman.Aslam@thriveglobal.com
JoinXpat@xpat.live
Isaac@xpat.live
Okunato@xpat.live
Isaac.Okunato@xpat.live
Apollo1HQ@apollofirst.xyz
Tanmaay@apollofirst.xyz
K@apollofirst.xyz
Tanmaay.K@apollofirst.xyz
OmnicoreAgency@OmnicoreAgency.com
Salman@OmnicoreAgency.com
Aslam@OmnicoreAgency.com
Salman.Aslam@OmnicoreAgency.com
Konur@wope.com
skillfund@skillfund.co
Trae@skillfund.co
Solidinbox@solidinbox.com
Samee@solidinbox.com
Hassan@solidinbox.com
Samee.Hassan@solidinbox.com
husn_ai@fest.so
HUSNAiN@fest.so
Inc@inc.com
Salman@inc.com
Aslam@inc.com
Salman.Aslam@inc.com
metacallio@metacall.io
Anas@metacall.io
Barghouthy@metacall.io
Anas.Barghouthy@metacall.io
foundersbookhq@foundersbook.co
Goutham@foundersbook.co
pragmalang@pragmalang.com
Anas@pragmalang.com
Barghouthy@pragmalang.com
Anas.Barghouthy@pragmalang.com
DoorDash@doordash.com
Alex@doordash.com
Daley@doordash.com
Alex.Daley@doordash.com
FiguraDigital@figura.digital
Samee@figura.digital
Hassan@figura.digital
Samee.Hassan@figura.digital
Voala_io@voala.io
James@voala.io
Spalding@voala.io
James.Spalding@voala.io
TroutHouseTech@trouthousetech.com
Matt@trouthousetech.com
Ruiz@trouthousetech.com
Matt.Ruiz@trouthousetech.com
MSFTImagine@imaginecup.microsoft
Muhammad@imaginecup.microsoft
Taimoor@imaginecup.microsoft
Muhammad.Taimoor@imaginecup.microsoft
Vimeo@vimeo.com
Chris@vimeo.com
Simpson@vimeo.com
Chris.Simpson@vimeo.com
hyper_writer@hyperwriter.app
JustGage@hyperwriter.app
Mohsen@firework.com
Mirhoseini@firework.com
Mohsen.Mirhoseini@firework.com
Solidinbox@solidinbox.com
Mahdi@solidinbox.com
WishTender@wishtender.com
Dashiell@wishtender.com
Bark-Huss@wishtender.com
Dashiell.Bark-Huss@wishtender.com
dayoneapp@dayoneapp.com
JustGage@dayoneapp.com
GrowthLabSo@growthlab.so
Eli@growthlab.so
Finer@growthlab.so
Eli.Finer@growthlab.so
updog_marketing@updog.marketing
Mikael@updog.marketing
Johansson@updog.marketing
Mikael.Johansson@updog.marketing
Nord_Solutions@nord.solutions
